{"ts":1765247807516,"data":{"components":"o{\"settingsPanel\": {\"enabled\": true,\"options\": {\"themeColor\": \"#00A0D8\",\"scriptLoadingMode\": \"延后\",\"styleLoadingMode\": \"同时\",\"textColor\": \"自动\",\"cdnRoot\": \"AltCdn\",\"dockSide\": \"左侧\",\"filenameFormat\": \"[title][ - ep]\",\"batchFilenameFormat\": \"[n - ][ep]\",\"downloadPackageEmitMode\": \"打包下载\",\"devMode\": false}},\"launchBar\": {\"enabled\": true,\"options\": {}},\"i18n\": {\"enabled\": true,\"options\": {\"language\": \"简体中文\",\"translator\": \"GoogleCN\"}},\"autoUpdate\": {\"enabled\": true,\"options\": {\"lastUpdateCheck\": 1765247759610,\"lastInstalledVersion\": \"2.10.4\",\"localPortOverride\": \"\",\"minimumDuration\": 86400000,\"urls\": {\"components\": {\"legacyAutoPlay\": {\"url\": \"https://cdn.jsdelivr.net/gh/the1812/Bilibili-Evolved@master/registry/dist/components/video/player/legacy-auto-play.js\",\"lastUpdateCheck\": 1765247759209,\"installTime\": 1758511109668,\"alwaysUpdate\": false},\"ipShow\": {\"url\": \"https://cdn.jsdelivr.net/gh/the1812/Bilibili-Evolved@master/registry/dist/components/utils/ip-show.js\",\"lastUpdateCheck\": 1765247759411,\"installTime\": 1758511506237,\"alwaysUpdate\": false},\"removePromotions\": {\"url\": \"https://cdn.jsdelivr.net/gh/the1812/Bilibili-Evolved@master/registry/dist/components/utils/remove-promotions.js\",\"lastUpdateCheck\": 1765247759610,\"installTime\": 1758792829400,\"alwaysUpdate\": false}},\"plugins\": {},\"styles\": {}},\"maxUpdateCount\": 4}},\"notifyNewVersion\": {\"enabled\": true,\"options\": {\"lastUpdateCheck\": 1765247760895,\"minimumDuration\": 86400000}},\"bisector\": {\"enabled\": true,\"options\": {\"originalComponentEnableState\": {},\"keepDisabledComponents\": [],\"keepEnabledComponents\": [],\"bisectInitialState\": {}}},\"compatibilities\": {\"enabled\": true,\"options\": {\"disableOnBalh\": false}}}","plugins":"o{\"launchBar.actions.IDSearch\": true}","userComponents":"o{\"legacyAutoPlay\": {\"code\": \"!function(e,t){\\\"object\\\"==typeof exports&&\\\"object\\\"==typeof module?module.exports=t():\\\"function\\\"==typeof define&&define.amd?define([],t):\\\"object\\\"==typeof exports?exports[\\\"video/player/legacy-auto-play\\\"]=t():e[\\\"video/player/legacy-auto-play\\\"]=t()}(globalThis,(()=>(()=>{\\\"use strict\\\";var e={d:(t,i)=>{for(var o in i)e.o(i,o)&&!e.o(t,o)&&Object.defineProperty(t,o,{enumerable:!0,get:i[o]})},o:(e,t)=>Object.prototype.hasOwnProperty.call(e,t)},t={};e.d(t,{component:()=>m});const i=coreApis.componentApis.define,o=coreApis.componentApis.feeds.api,s=coreApis.componentApis.video.playerAgent,n=coreApis.observer,a=coreApis.spinQuery,l=coreApis.utils,c=coreApis.utils.log,r=coreApis.utils.urls;function d(e,t,i){return(t=function(e){var t=function(e,t){if(\\\"object\\\"!=typeof e||!e)return e;var i=e[Symbol.toPrimitive];if(void 0!==i){var o=i.call(e,t||\\\"default\\\");if(\\\"object\\\"!=typeof o)return o;throw new TypeError(\\\"@@toPrimitive must return a primitive value.\\\")}return(\\\"string\\\"===t?String:Number)(e)}(e,\\\"string\\\");return\\\"symbol\\\"==typeof t?t:t+\\\"\\\"}(t))in e?Object.defineProperty(e,t,{value:i,enumerable:!0,configurable:!0,writable:!0}):e[t]=i,e}class p{isChecked(e){return Boolean(e.querySelector(\\\".switch-button.on\\\")||e.matches(\\\":checked\\\"))||e.classList.contains(\\\"on\\\")}async onRightPanelLoaded(e){await(0,l.playerReady)();const t=await Promise.any([(0,a.select)(\\\".right-container-inner\\\"),(0,a.select)(\\\".playlist-container--right\\\"),(0,a.select)(\\\".video-pod\\\")]);if(t)e(t);else{(0,c.useScopedConsole)(\\\"传统连播模式\\\").warn(\\\"未找到 rightPanelContainer 或 playListContainer\\\")}}async onVideoChange(e){(0,n.videoChange)((async()=>{const t=await s.playerAgent.query.video.element();t?.addEventListener(\\\"play\\\",(()=>e(t)),{once:!0})}))}}class u extends p{constructor(){super(...arguments),d(this,\\\"autoPlayControls\\\",{enable:[\\\":is(.base-video-sections, .base-video-sections-v1) .next-button\\\",\\\":is(.multi-page, .multi-page-v1) .next-button\\\",\\\".player-auxiliary-autoplay-switch input\\\",\\\".video-pod .auto-play .switch-btn\\\"],disable:[\\\":is(.recommend-list, .recommend-list-v1) .next-button\\\",\\\".recommend-list-v1 .switch-btn\\\"]}),d(this,\\\"disableConditions\\\",[()=>Boolean(dq(\\\":is(.multi-page, .multi-page-v1) .list-box li.on:last-child, .video-pod__list .simple-base-item.active:last-child\\\")),()=>Boolean(dq(\\\".video-sections-item:last-child .video-episode-card:last-child .video-episode-card__info-playing\\\")),()=>Boolean(dq(\\\".video-sections-item:last-child .video-episode-card:last-child .video-episode-card__info-title-playing\\\"))])}async checkPlayMode(){const e=await(0,a.select)([...this.autoPlayControls.disable,...this.autoPlayControls.enable].join(\\\",\\\"));if(!e)return;const t=this.autoPlayControls.enable.some((t=>e.matches(t)))&&this.disableConditions.every((e=>!e())),i=this.isChecked(e);console.log(\\\"checkPlayMode\\\",{shouldChecked:t,checked:i}),t!==i&&e.click()}async checkPlayListPlayMode(e){\\n// spell-checker: disable\\nconst t=dq(e,\\\".list-count, .video-pod__header .amt\\\").innerHTML.replace(/[（）]/g,\\\"\\\").split(\\\"/\\\").map((e=>parseInt(e))),i=dq(\\\".action-list .action-list-item-wrap:last-child .action-list-item .actionlist-item-inner, .video-pod__list .pod-item:last-child\\\"),s=i.classList.contains(\\\"singlep-list-item-inner\\\")||null!==i.querySelector(\\\".single-p\\\")?i.classList.contains(\\\"siglep-active\\\")||null!==i.querySelector(\\\".simple-base-item.active\\\"):i.children[1].lastElementChild.classList.contains(\\\"multip-list-item-active\\\"),n=!(t[0]>=t[1]&&s);console.log(\\\"checkPlayListPlayMode\\\",{isLastVideo:s,sequentialNumbers:t,shouldContinue:n});const a=document.getElementById(\\\"app\\\");(0,o.getVueData)(a).setContinuousPlay(n)}async setupAutoPlay(){this.onRightPanelLoaded((e=>{const t=()=>e.querySelector(\\\".video-pod__list.section\\\")?this.checkPlayListPlayMode(e):this.checkPlayMode();(0,n.childListSubtree)(e,(()=>t())),this.onVideoChange((()=>t()))}))}}class y extends p{async setupAutoPlay(){const e=await(0,a.select)('.bpx-player-ctrl-setting-handoff input[type=\\\"radio\\\"][value=\\\"0\\\"]');if(null!==e)e.click();else{(0,c.useScopedConsole)(\\\"传统连播模式\\\").warn(\\\"未找到 autoPlayRadio\\\")}}}const m=(0,i.defineComponentMetadata)({name:\\\"legacyAutoPlay\\\",displayName:\\\"传统连播模式\\\",description:\\\"模拟传统的多 P 连播策略: 仅连播视频的分 P, 最后 1P 放完禁止连播其他推荐视频.\\\",tags:[componentsTags.video],urlInclude:[...r.videoUrls,...r.bangumiUrls],entry:async()=>{const e=r.bangumiUrls.some((e=>(0,l.matchUrlPattern)(e)))?new y:new u;await e.setupAutoPlay()},commitHash:\\\"ba8b31253f9bbe44d3210ef04379bed18e0678aa\\\",coreVersion:\\\"2.10.4\\\"});return t=t.component})()));\",\"metadata\": {\"name\": \"legacyAutoPlay\",\"displayName\": \"传统连播模式\",\"description\": \"模拟传统的多 P 连播策略: 仅连播视频的分 P, 最后 1P 放完禁止连播其他推荐视频.\",\"tags\": [{\"name\": \"video\",\"displayName\": \"视频\",\"color\": \"#2196F3\",\"icon\": \"mdi-play-circle-outline\",\"order\": 1}],\"commitHash\": \"ba8b31253f9bbe44d3210ef04379bed18e0678aa\",\"coreVersion\": \"2.10.4\"},\"settings\": {\"enabled\": true,\"options\": {}}},\"ipShow\": {\"code\": \"!function(e,t){\\\"object\\\"==typeof exports&&\\\"object\\\"==typeof module?module.exports=t():\\\"function\\\"==typeof define&&define.amd?define([],t):\\\"object\\\"==typeof exports?exports[\\\"utils/ip-show\\\"]=t():e[\\\"utils/ip-show\\\"]=t()}(globalThis,(()=>(()=>{\\\"use strict\\\";var e,t,i={913:e=>{e.exports=coreApis.componentApis.utils.commentApis}},a={};function s(e){var t=a[e];if(void 0!==t)return t.exports;var l=a[e]={exports:{}};return i[e](l,l.exports,s),l.exports}t=Object.getPrototypeOf?e=>Object.getPrototypeOf(e):e=>e.__proto__,s.t=function(i,a){if(1&a&&(i=this(i)),8&a)return i;if(\\\"object\\\"==typeof i&&i){if(4&a&&i.__esModule)return i;if(16&a&&\\\"function\\\"==typeof i.then)return i}var l=Object.create(null);s.r(l);var n={};e=e||[null,t({}),t([]),t(t)];for(var o=2&a&&i;\\\"object\\\"==typeof o&&!~e.indexOf(o);o=t(o))Object.getOwnPropertyNames(o).forEach((e=>n[e]=()=>i[e]));return n.default=()=>i,s.d(l,n),l},s.d=(e,t)=>{for(var i in t)s.o(t,i)&&!s.o(e,i)&&Object.defineProperty(e,i,{enumerable:!0,get:t[i]})},s.o=(e,t)=>Object.prototype.hasOwnProperty.call(e,t),s.r=e=>{\\\"undefined\\\"!=typeof Symbol&&Symbol.toStringTag&&Object.defineProperty(e,Symbol.toStringTag,{value:\\\"Module\\\"}),Object.defineProperty(e,\\\"__esModule\\\",{value:!0})};var l={};s.d(l,{component:()=>b});const n=coreApis.componentApis.define,o=coreApis.spinQuery;let r,c=2;const p=function(e,t,i){const a=this._parentBlacklistDom(e,t,i),s=[`<div class=\\\"con ${i===t?\\\"no-border\\\":\\\"\\\"}\\\">`,`<div class=\\\"user\\\">${this._createNickNameDom(e)}`,this._createLevelLink(e),this._identity(e.mid,e.assist,e.member.fans_detail),`${this._createNameplate(e.member.nameplate)+this._createUserSailing(e)}</div>`,this._createMsgContent(e),this._createPerfectReply(e),'<div class=\\\"info\\\">',this._createPlatformDom(e.content.plat),'<span class=\\\"time-location\\\">','<span class=\\\"reply-time\\\">'.concat(this._formateTime(e.ctime),\\\"</span>\\\"),e?.reply_control?.location?`<span class=\\\"reply-location\\\" style=\\\"margin-left:15px;\\\">${e?.reply_control?.location||\\\"\\\"}</span>`:\\\"\\\",\\\"</span>\\\",e.lottery_id?\\\"\\\":`<span class=\\\"like ${1===e.action?\\\"liked\\\":\\\"\\\"}\\\"><i></i><span>${e.like?e.like:\\\"\\\"}</span></span>`,e.lottery_id?\\\"\\\":`<span class=\\\"hate ${2===e.action?\\\"hated\\\":\\\"\\\"}\\\"><i></i></span>`,e.lottery_id?\\\"\\\":this._createReplyBtn(e.rcount),e.lottery_id&&e.mid!==r.userStatus.mid?\\\"\\\":`<div class=\\\"operation more-operation\\\"><div class=\\\"spot\\\"></div><div class=\\\"opera-list\\\"><ul>${this._canSetTop(e)?`<li class=\\\"set-top\\\">${e.isUpTop?\\\"取消置顶\\\":\\\"设为置顶\\\"}</li>`:\\\"\\\"}${this._canBlackList(e.mid)?'<li class=\\\"blacklist\\\">加入黑名单</li>':\\\"\\\"}${this._canReport(e.mid)?'<li class=\\\"report\\\">举报</li>':\\\"\\\"}${this._canDel(e.mid)&&!e.isTop?`<li class=\\\"del\\\" data-mid=\\\"${e.mid}\\\">删除</li>`:\\\"\\\"}</ul></div></div>`,this._createLotteryContent(e.content),this._createVoteContent(e.content),this._createTags(e),\\\"</div>\\\",'<div class=\\\"reply-box\\\">',this._createSubReplyList(e.replies,e.rcount,!1,e.rpid,e.folder&&e.folder.has_folded,e.reply_control),\\\"</div>\\\",'<div class=\\\"paging-box\\\">',\\\"</div>\\\",\\\"</div>\\\"].join(\\\"\\\");return e.state===r.blacklistCode?a:s},d=function(e,t){return[`<div class=\\\"reply-item reply-wrap\\\" data-id=\\\"${e.rpid}\\\" data-index=\\\"${t}\\\">`,this._createSubReplyUserFace(e),'<div class=\\\"reply-con\\\">','<div class=\\\"user\\\">',this._createNickNameDom(e),this._createLevelLink(e),this._identity(e.mid),this._createSubMsgContent(e),\\\"</div>\\\",\\\"</div>\\\",'<div class=\\\"info\\\">','<span class=\\\"time-location\\\">','<span class=\\\"reply-time\\\">'.concat(this._formateTime(e.ctime),\\\"</span>\\\"),e?.reply_control?.location?`<span class=\\\"reply-location\\\" style=\\\"margin-left:15px;\\\">${e?.reply_control?.location||\\\"\\\"}</span>`:\\\"\\\",\\\"</span>\\\",`<span class=\\\"like ${1===e.action?\\\"liked\\\":\\\"\\\"}\\\"><i></i><span>${e.like?e.like:\\\"\\\"}</span></span>`,`<span class=\\\"hate ${2===e.action?\\\"hated\\\":\\\"\\\"}\\\"><i></i></span>`,'<span class=\\\"reply btn-hover\\\">回复</span>',`<div class=\\\"operation btn-hover btn-hide-re\\\"><div class=\\\"spot\\\"></div><div class=\\\"opera-list\\\"><ul>${this._canBlackList(e.mid)?'<li class=\\\"blacklist\\\">加入黑名单</li>':\\\"\\\"}${this._canReport(e.mid)?'<li class=\\\"report\\\">举报</li>':\\\"\\\"}${this._canDel(e.mid)?`<li class=\\\"del\\\" data-mid=\\\"${e.mid}\\\">删除</li>`:\\\"\\\"}</ul></div></div>`,\\\"</div>\\\",\\\"</div>\\\"].join(\\\"\\\")},m=function(e,t,i){const a=this._parentBlacklistDom(e,t,i),s=[`<div class=\\\"con ${i===t?\\\"no-border\\\":\\\"\\\"}\\\">`,`<div class=\\\"user\\\">${this._identity(e.mid,e.assist,e.member.fans_detail)}`,`<a data-usercard-mid=\\\"${e.mid}\\\" href=\\\"//space.bilibili.com/${e.mid}\\\" target=\\\"_blank\\\" class=\\\"name ${this._createVipClass(e.member.vip.vipType,e.member.vip.vipStatus,e.member.vip.themeType)}\\\">${this._unhtmlFix(e.member.uname)}</a><a class=\\\"level-link\\\" href=\\\"//www.bilibili.com/blackboard/help.html#%E4%BC%9A%E5%91%98%E7%AD%89%E7%BA%A7%E7%9B%B8%E5%85%B3\\\" target=\\\"_blank\\\"><i class=\\\"level l${e.member.level_info.current_level}\\\"></i></a>${this._createNameplate(e.member.nameplate)}${this._createUserSailing(e.member&&e.member.user_sailing||{})}</div>`,this._createMsgContent(e),'<div class=\\\"info\\\">',e.floor?`<span class=\\\"floor\\\">#${e.floor}</span>`:\\\"\\\",this._createPlatformDom(e.content.plat),`<span class=\\\"time\\\">${this._formateTime(e.ctime)}</span>`,e?.reply_control?.location?`<span style=\\\"margin-left:0px;\\\">${e?.reply_control?.location||\\\"\\\"}</span>`:\\\"\\\",e.lottery_id?\\\"\\\":`<span class=\\\"like ${1===e.action?\\\"liked\\\":\\\"\\\"}\\\"><i></i><span>${e.like||\\\"\\\"}</span></span>`,e.lottery_id?\\\"\\\":`<span class=\\\"hate ${2===e.action?\\\"hated\\\":\\\"\\\"}\\\"><i></i></span>`,e.lottery_id?\\\"\\\":this._createReplyBtn(e.rcount),e.lottery_id&&e.mid!==this.userStatus.mid?\\\"\\\":`<div class=\\\"operation more-operation\\\"><div class=\\\"spot\\\"></div><div class=\\\"opera-list\\\"><ul>${this._canSetTop(e)?`<li class=\\\"set-top\\\">${e.isUpTop?\\\"取消置顶\\\":\\\"设为置顶\\\"}</li>`:\\\"\\\"}${this._canBlackList(e.mid)?'<li class=\\\"blacklist\\\">加入黑名单</li>':\\\"\\\"}${this._canReport(e.mid)?'<li class=\\\"report\\\">举报</li>':\\\"\\\"}${this._canDel(e.mid)&&!e.isTop?`<li class=\\\"del\\\" data-mid=\\\"${e.mid}\\\">删除</li>`:\\\"\\\"}</ul></div></div>`,this._createLotteryContent(e.content),this._createVoteContent(e.content),this._createTags(e),\\\"</div>\\\",'<div class=\\\"reply-box\\\">',this._createSubReplyList(e.replies,e.rcount,!1,e.rpid,e.folder&&e.folder.has_folded),\\\"</div>\\\",'<div class=\\\"paging-box\\\">',\\\"</div>\\\",\\\"</div>\\\"].join(\\\"\\\");return e.state===this.blacklistCode?a:s},h=function(e,t){return[`<div class=\\\"reply-item reply-wrap\\\" data-id=\\\"${e.rpid}\\\" data-index=\\\"${t}\\\">`,`<a href=\\\"//space.bilibili.com/${e.mid}\\\" data-usercard-mid=\\\"${e.mid}\\\" target=\\\"_blank\\\" class=\\\"reply-face\\\">`,`<img src=\\\"${this._trimHttpFix(this._webpFix(e.member.avatar,{w:52,h:52}))}\\\" alt=\\\"\\\">`,\\\"</a>\\\",'<div class=\\\"reply-con\\\">','<div class=\\\"user\\\">',`<a href=\\\"//space.bilibili.com/${e.mid}\\\" target=\\\"_blank\\\" data-usercard-mid=\\\"${e.mid}\\\" class=\\\"name ${this._createVipClass(e.member.vip.vipType,e.member.vip.vipStatus,e.member.vip.themeType)}\\\">${this._unhtmlFix(e.member.uname)}</a>`,`<a class=\\\"level-link\\\" href=\\\"//www.bilibili.com/blackboard/help.html#%E4%BC%9A%E5%91%98%E7%AD%89%E7%BA%A7%E7%9B%B8%E5%85%B3\\\" target=\\\"_blank\\\"><i class=\\\"level l${e.member.level_info.current_level}\\\"></i></a>`,this._createSubMsgContent(e),\\\"</div>\\\",\\\"</div>\\\",'<div class=\\\"info\\\">',`<span class=\\\"time\\\">${this._formateTime(e.ctime)}</span>`,e?.reply_control?.location?`<span style=\\\"margin-left:0px;\\\">${e?.reply_control?.location||\\\"\\\"}</span>`:\\\"\\\",`<span class=\\\"like ${1===e.action?\\\"liked\\\":\\\"\\\"}\\\"><i></i><span>${e.like||\\\"\\\"}</span></span>`,`<span class=\\\"hate ${2===e.action?\\\"hated\\\":\\\"\\\"}\\\"><i></i></span>`,'<span class=\\\"reply btn-hover\\\">回复</span>',`<div class=\\\"operation btn-hover btn-hide-re\\\"><div class=\\\"spot\\\"></div><div class=\\\"opera-list\\\"><ul>${this._canBlackList(e.mid)?'<li class=\\\"blacklist\\\">加入黑名单</li>':\\\"\\\"}${this._canReport(e.mid)?'<li class=\\\"report\\\">举报</li>':\\\"\\\"}${this._canDel(e.mid)?`<li class=\\\"del\\\" data-mid=\\\"${e.mid}\\\">删除</li>`:\\\"\\\"}</ul></div></div>`,\\\"</div>\\\",\\\"</div>\\\"].join(\\\"\\\")},u=new MutationObserver((e=>{e.forEach((()=>{void 0!==unsafeWindow.bbComment&&(r=unsafeWindow.bbComment,\\\"blackroom\\\"===unsafeWindow.location.href.split(\\\"/\\\")[3]?(r.prototype._unhtmlFix=function(e,t){return e?e.replace(t||/[&<\\\">'](?:(amp|lt|quot|gt|#39|nbsp|#\\\\\\\\d+);)?/g,(\\n// eslint-disable-next-line @typescript-eslint/no-shadow\\nfunction(e,t){return t?e:{\\\"<\\\":\\\"\\\",\\\"&\\\":\\\"\\\",'\\\"':\\\"\\\",\\\">\\\":\\\"\\\",\\\"'\\\":\\\"\\\"}[e]})):\\\"\\\"},r.prototype._trimHttpFix=function(e){return e?e.replace(/^http:/,\\\"\\\"):\\\"\\\"},r.prototype._webpFix=function(e,t){if(!e)return e;const i=e.match(/(.*\\\\\\\\.(jpg|jpeg|gif|png|bmp))(\\\\\\\\?.*)?/);let a=-1!==e.indexOf(\\\"/bfs/\\\");return i&&\\\"gif\\\"!==i[2]&&\\\"bmp\\\"!==i[2]&&a?(a=t.w,e=t.h,e=a&&e?`@${a}w_${e}h`:\\\"@\\\",t=i[3]||\\\"\\\",this.isWebp?`${i[1]+e}.webp${t}`:`${i[1]+e}.${i[2]}${t}`):e},r.prototype._createListCon=m,r.prototype._createSubReplyItem=h):(r.prototype._createListCon=p,r.prototype._createSubReplyItem=d),c=1,u.disconnect())}))}));u.observe(document.head,{childList:!0});const v=e=>{e.forEach((async e=>{const t=(e=>{const t=e.frameworkSpecificProps;return t?.reply_control?.location??void 0})(e);if(void 0===t)return;const i=await(e.shadowDomEntry?(0,o.select)((()=>e.shadowDomEntry.querySelector(\\\"#pubdate\\\")),{queryInterval:100,maxRetry:30}):e.element.querySelector(\\\".reply-info>.reply-time\\\")??e.element.querySelector(\\\".sub-reply-info>.sub-reply-time\\\"));if(null===i)return;const a=i.querySelector(\\\".ip-location\\\");if(null!==a)return void(a.innerText=t);const s=document.createElement(\\\"span\\\");s.className=\\\"ip-location\\\",s.style.marginLeft=\\\"15px\\\",s.innerText=t,i.appendChild(s)}))},b=(0,n.defineComponentMetadata)({name:\\\"ipShow\\\",author:{name:\\\"Light_Quanta\\\",link:\\\"https://github.com/LightQuanta\\\"},displayName:\\\"评论区IP属地显示\\\",tags:[componentsTags.utils],entry:async()=>{const{forEachCommentItem:e}=await Promise.resolve().then(s.t.bind(s,913,23));e({added:e=>{2===c&&(v([e,...e.replies]),e.addEventListener(\\\"repliesUpdate\\\",(e=>v(e.detail))))}})},description:{\\\"zh-CN\\\":\\\"在评论区显示评论的IP属地信息\\\"},commitHash:\\\"ba8b31253f9bbe44d3210ef04379bed18e0678aa\\\",coreVersion:\\\"2.10.4\\\"});return l=l.component})()));\",\"metadata\": {\"name\": \"ipShow\",\"author\": {\"name\": \"Light_Quanta\",\"link\": \"https://github.com/LightQuanta\"},\"displayName\": \"评论区IP属地显示\",\"tags\": [{\"name\": \"utils\",\"displayName\": \"工具\",\"color\": \"#A36FFD\",\"icon\": \"mdi-rocket-launch-outline\",\"order\": 5}],\"description\": {\"zh-CN\": \"在评论区显示评论的IP属地信息\"},\"commitHash\": \"ba8b31253f9bbe44d3210ef04379bed18e0678aa\",\"coreVersion\": \"2.10.4\"},\"settings\": {\"enabled\": true,\"options\": {}}},\"removePromotions\": {\"code\": \"!function(e,i){\\\"object\\\"==typeof exports&&\\\"object\\\"==typeof module?module.exports=i():\\\"function\\\"==typeof define&&define.amd?define([],i):\\\"object\\\"==typeof exports?exports[\\\"utils/remove-promotions\\\"]=i():e[\\\"utils/remove-promotions\\\"]=i()}(globalThis,(()=>(()=>{var e,i,o={419:(e,i,o)=>{var n=o(955)((function(e){return e[1]}));n.push([e.id,'@charset \\\"UTF-8\\\";\\\\n#slide_ad,\\\\n.v-wrap .vcd,\\\\n.ad-report,\\\\n#home_popularize .l-con,\\\\n#home_popularize .adpos,\\\\n.gg-floor-module,\\\\n.home-app-download,\\\\n.bilibili-player-promote-wrap,\\\\n.bili-header-m .nav-menu .nav-con .nav-item .text-red,\\\\n.mobile-link-l,\\\\n.video-page-game-card,\\\\n.international-home .banner-card,\\\\n.bypb-window .operate-card,\\\\n.gg-window .operate-card,\\\\n#reportFirst2 .extension,\\\\n.video-page-special-card,\\\\n.mascot,\\\\n.rank-container .cm-module,\\\\nbody:not(.preserve-event-banner) .activity-m,\\\\nbody:not(.preserve-event-banner) .activity-m-v1,\\\\nbody.remove-game-match-module .bili-wrapper > .home-match,\\\\nbody.remove-game-match-module #reportFirst3,\\\\n.home-content .ad-panel,\\\\n.recommend-list .rec-list > :not(.video-page-card),\\\\n.eva-extension-area,\\\\n.eva-banner,\\\\n.video-ad-creative-card,\\\\n.bili-dyn-home--member .bili-dyn-ads,\\\\n.video-page-special-card-small,\\\\n.video-page-game-card-small,\\\\n.video-page-operator-card-small,\\\\n[data-be-promotion-mark],\\\\nbody:not(.preserve-feed-goods) .dyn-goods,\\\\n.desktop-download-tip,\\\\n.adcard,\\\\n.palette-button-adcard,\\\\n.palette-button-wrap .adcard-content,\\\\n.video-card-ad-small,\\\\n.search-all-list .video-list > *:has(.bili-video-card__info--ad) {\\\\n  display: none !important;\\\\n}\\\\n\\\\n.recommend-list .rec-list > :not(.video-page-card) + .video-page-card {\\\\n  padding-top: 0 !important;\\\\n}\\\\n\\\\n#home_popularize {\\\\n  position: relative !important;\\\\n}\\\\n\\\\n.popularize-module .online,\\\\n.gg-window .online {\\\\n  position: absolute !important;\\\\n  top: 50% !important;\\\\n  right: 0.5% !important;\\\\n  transform: translateY(-100%) !important;\\\\n}\\\\n\\\\n.gg-window .online {\\\\n  right: 0 !important;\\\\n  padding: 0 16px !important;\\\\n}\\\\n\\\\n#reportFirst2 {\\\\n  position: relative;\\\\n  margin-bottom: 4px;\\\\n}\\\\n\\\\n.blocked-ads, .container > :is(.feed-card, .bili-feed-card):has(.bili-video-card__stats > :is(.bili-video-card__stats--text, svg)) .bili-video-card__image::after,\\\\n.container > :is(.feed-card, .bili-feed-card):has(.bili-video-card__info--tit > a:not([href])) .bili-video-card__image::after,\\\\n.video-list-item:has(.bili-video-card__info--ad) .bili-video-card__image::after {\\\\n  width: 440px;\\\\n  height: 220px;\\\\n  display: flex;\\\\n  color: #888;\\\\n  background-color: #8882;\\\\n  font-size: 24pt;\\\\n  font-weight: 600;\\\\n  align-items: center;\\\\n  justify-content: space-evenly;\\\\n}\\\\n\\\\n.blocked-ads.new, .container > :is(.feed-card, .bili-feed-card):has(.bili-video-card__stats > :is(.bili-video-card__stats--text, svg)) .new.bili-video-card__image::after,\\\\n.container > :is(.feed-card, .bili-feed-card):has(.bili-video-card__info--tit > a:not([href])) .new.bili-video-card__image::after,\\\\n.video-list-item:has(.bili-video-card__info--ad) .new.bili-video-card__image::after {\\\\n  width: 100%;\\\\n  height: 100%;\\\\n  background-color: #eee;\\\\n}\\\\n\\\\nbody.dark .blocked-ads.new, body.dark .container > :is(.feed-card, .bili-feed-card):has(.bili-video-card__stats > :is(.bili-video-card__stats--text, svg)) .new.bili-video-card__image::after, .container > :is(.feed-card, .bili-feed-card):has(.bili-video-card__stats > :is(.bili-video-card__stats--text, svg)) body.dark .new.bili-video-card__image::after,\\\\nbody.dark .container > :is(.feed-card, .bili-feed-card):has(.bili-video-card__info--tit > a:not([href])) .new.bili-video-card__image::after,\\\\n.container > :is(.feed-card, .bili-feed-card):has(.bili-video-card__info--tit > a:not([href])) body.dark .new.bili-video-card__image::after,\\\\nbody.dark .video-list-item:has(.bili-video-card__info--ad) .new.bili-video-card__image::after,\\\\n.video-list-item:has(.bili-video-card__info--ad) body.dark .new.bili-video-card__image::after {\\\\n  background-color: #333;\\\\n}\\\\n\\\\n.recommended-container .business-card {\\\\n  position: absolute !important;\\\\n  pointer-events: none !important;\\\\n  opacity: 0 !important;\\\\n}\\\\n\\\\n.recommended-container_floor-aside .container > *,\\\\nbody:not(.preserve-feed-goods) .bili-dyn-content__orig__additional:has(.dyn-goods) {\\\\n  margin: 0 !important;\\\\n}\\\\n\\\\n.container > :is(.feed-card, .bili-feed-card):has(.bili-video-card__stats > :is(.bili-video-card__stats--text, svg)),\\\\n.container > :is(.feed-card, .bili-feed-card):has(.bili-video-card__info--tit > a:not([href])),\\\\n.video-list-item:has(.bili-video-card__info--ad) {\\\\n  visibility: hidden;\\\\n  pointer-events: none !important;\\\\n}\\\\n.container > :is(.feed-card, .bili-feed-card):has(.bili-video-card__stats > :is(.bili-video-card__stats--text, svg)) .bili-video-card__image::after,\\\\n.container > :is(.feed-card, .bili-feed-card):has(.bili-video-card__info--tit > a:not([href])) .bili-video-card__image::after,\\\\n.video-list-item:has(.bili-video-card__info--ad) .bili-video-card__image::after {\\\\n  content: \\\"🚫已屏蔽广告\\\";\\\\n  width: 100%;\\\\n  height: 100%;\\\\n  position: absolute;\\\\n  top: 0;\\\\n  -webkit-user-select: none;\\\\n          user-select: none;\\\\n  visibility: hidden;\\\\n  border-radius: 6px;\\\\n  background-color: #eee;\\\\n}\\\\nbody.dark .container > :is(.feed-card, .bili-feed-card):has(.bili-video-card__stats > :is(.bili-video-card__stats--text, svg)) .bili-video-card__image::after,\\\\nbody.dark .container > :is(.feed-card, .bili-feed-card):has(.bili-video-card__info--tit > a:not([href])) .bili-video-card__image::after,\\\\nbody.dark .video-list-item:has(.bili-video-card__info--ad) .bili-video-card__image::after {\\\\n  background-color: #333;\\\\n}\\\\nbody.removePromotions-switch-showPlaceholder .container > :is(.feed-card, .bili-feed-card):has(.bili-video-card__stats > :is(.bili-video-card__stats--text, svg)) .bili-video-card__image::after,\\\\nbody.removePromotions-switch-showPlaceholder .container > :is(.feed-card, .bili-feed-card):has(.bili-video-card__info--tit > a:not([href])) .bili-video-card__image::after,\\\\nbody.removePromotions-switch-showPlaceholder .video-list-item:has(.bili-video-card__info--ad) .bili-video-card__image::after {\\\\n  visibility: visible;\\\\n}\\\\nbody.removePromotions-switch-debug .container > :is(.feed-card, .bili-feed-card):has(.bili-video-card__stats > :is(.bili-video-card__stats--text, svg)) .bili-video-card__image::after,\\\\nbody.removePromotions-switch-debug .container > :is(.feed-card, .bili-feed-card):has(.bili-video-card__info--tit > a:not([href])) .bili-video-card__image::after,\\\\nbody.removePromotions-switch-debug .video-list-item:has(.bili-video-card__info--ad) .bili-video-card__image::after {\\\\n  visibility: hidden !important;\\\\n}\\\\nbody:not(.removePromotions-switch-showContainer) .container > :is(.feed-card, .bili-feed-card):has(.bili-video-card__stats > :is(.bili-video-card__stats--text, svg)),\\\\nbody:not(.removePromotions-switch-showContainer) .container > :is(.feed-card, .bili-feed-card):has(.bili-video-card__info--tit > a:not([href])),\\\\nbody:not(.removePromotions-switch-showContainer) .video-list-item:has(.bili-video-card__info--ad) {\\\\n  display: none;\\\\n}\\\\nbody.removePromotions-switch-debug .container > :is(.feed-card, .bili-feed-card):has(.bili-video-card__stats > :is(.bili-video-card__stats--text, svg)),\\\\nbody.removePromotions-switch-debug .container > :is(.feed-card, .bili-feed-card):has(.bili-video-card__info--tit > a:not([href])),\\\\nbody.removePromotions-switch-debug .video-list-item:has(.bili-video-card__info--ad) {\\\\n  display: unset;\\\\n  visibility: visible;\\\\n  border: red 1px solid;\\\\n}',\\\"\\\"]),e.exports=n},955:e=>{\\\"use strict\\\";\\n// eslint-disable-next-line func-names\\ne.exports=function(e){var i=[];return i.toString=function(){return this.map((function(i){var o=e(i);return i[2]?\\\"@media \\\".concat(i[2],\\\" {\\\").concat(o,\\\"}\\\"):o})).join(\\\"\\\")},\\n// eslint-disable-next-line func-names\\ni.i=function(e,o,n){\\\"string\\\"==typeof e&&(\\n// eslint-disable-next-line no-param-reassign\\ne=[[null,e,\\\"\\\"]]);var t={};if(n)for(var a=0;a<this.length;a++){\\n// eslint-disable-next-line prefer-destructuring\\nvar r=this[a][0];null!=r&&(t[r]=!0)}for(var d=0;d<e.length;d++){var s=[].concat(e[d]);n&&t[s[0]]||(o&&(s[2]?s[2]=\\\"\\\".concat(o,\\\" and \\\").concat(s[2]):s[2]=o),i.push(s))}},i}},481:(e,i,o)=>{var n=o(419);n&&n.__esModule&&(n=n.default),e.exports=\\\"string\\\"==typeof n?n:n.toString()},289:e=>{function i(e){var i=new Error(\\\"Cannot find module '\\\"+e+\\\"'\\\");throw i.code=\\\"MODULE_NOT_FOUND\\\",i}i.keys=()=>[],i.resolve=i,i.id=289,e.exports=i},22:e=>{\\\"use strict\\\";e.exports='删除站内的各种广告. 包括首页的推广模块, 手机 app 推荐, 视频页面右侧的广告等.\\\\n\\\\n- `保留活动横幅`: 保留视频页面的活动横幅.\\\\n- `选项`\\\\n  - `卡片占位`: 关闭时广告卡片将完全隐藏，后续的视频卡片会自动补上空缺位置\\\\n  - `占位文本`: 屏蔽首页推广模块的广告后显示\\\"🚫已屏蔽广告\\\"来替代空白区域.\\\\n  - `调试模式`: 用于查看是否正确屏蔽广告，启用时将边框高亮广告卡片，同时其他屏蔽选项会失效\\\\n'},905:e=>{\\\"use strict\\\";e.exports=coreApis.settings},728:e=>{\\\"use strict\\\";e.exports=coreApis.spinQuery}},n={};function t(e){var i=n[e];if(void 0!==i)return i.exports;var a=n[e]={id:e,exports:{}};return o[e](a,a.exports,t),a.exports}i=Object.getPrototypeOf?e=>Object.getPrototypeOf(e):e=>e.__proto__,t.t=function(o,n){if(1&n&&(o=this(o)),8&n)return o;if(\\\"object\\\"==typeof o&&o){if(4&n&&o.__esModule)return o;if(16&n&&\\\"function\\\"==typeof o.then)return o}var a=Object.create(null);t.r(a);var r={};e=e||[null,i({}),i([]),i(i)];for(var d=2&n&&o;\\\"object\\\"==typeof d&&!~e.indexOf(d);d=i(d))Object.getOwnPropertyNames(d).forEach((e=>r[e]=()=>o[e]));return r.default=()=>o,t.d(a,r),a},t.d=(e,i)=>{for(var o in i)t.o(i,o)&&!t.o(e,o)&&Object.defineProperty(e,o,{enumerable:!0,get:i[o]})},t.o=(e,i)=>Object.prototype.hasOwnProperty.call(e,i),t.r=e=>{\\\"undefined\\\"!=typeof Symbol&&Symbol.toStringTag&&Object.defineProperty(e,Symbol.toStringTag,{value:\\\"Module\\\"}),Object.defineProperty(e,\\\"__esModule\\\",{value:!0})};var a={};return(()=>{\\\"use strict\\\";t.d(a,{component:()=>e});const e=(0,coreApis.componentApis.switchOptions.wrapSwitchOptions)({name:\\\"removePromotionOptions\\\",switches:{showContainer:{displayName:\\\"卡片占位\\\",defaultValue:!0},showPlaceholder:{displayName:\\\"占位文本\\\",defaultValue:!0},debug:{displayName:\\\"调试模式\\\",defaultValue:!1}}})({name:\\\"removePromotions\\\",displayName:\\\"删除广告\\\",entry:async e=>{let{settings:i,metadata:o}=e;const{addComponentListener:n}=await Promise.resolve().then(t.t.bind(t,905,23));if(\\\"https://www.bilibili.com/\\\"===document.URL.replace(window.location.search,\\\"\\\")){const{selectAll:e,select:o}=await Promise.resolve().then(t.t.bind(t,728,23));o(\\\".eva-extension-area\\\").then((e=>{e&&(e.parentElement.style.margin=\\\"12px\\\")})),e(\\\".gg-pic\\\").then((e=>{0!==e.length&&e.forEach((e=>{const o=e.parentElement;o.style.display=\\\"none\\\";const n=[...o.parentElement.childNodes].indexOf(o)+1,t=o.parentElement.parentElement.querySelector(`.pic li:nth-child(${n})`);if(t){t.style.display=\\\"flex\\\";const e=t.querySelector(\\\"a:not(.more-text)\\\");e.insertAdjacentHTML(\\\"afterend\\\",`\\\\n            <div class=\\\"blocked-ads\\\">${i.options.showPlaceholder?\\\"🚫已屏蔽广告\\\":\\\"\\\"}</div>\\\\n          `),e.style.visibility=\\\"hidden\\\";[t.querySelector(\\\"a.more-text\\\"),t.querySelector(\\\"img\\\")].forEach((e=>e.style.display=\\\"none\\\"))}}))})),o(\\\".focus-carousel.home-slide\\\").then((e=>{e&&dqa(e,\\\".gg-icon,.bypb-icon\\\").map((e=>e.parentElement.parentElement)).forEach((e=>{e.style.display=\\\"none\\\",e.insertAdjacentHTML(\\\"afterend\\\",`\\\\n            <div class=\\\"blocked-ads new\\\">${i.options.showPlaceholder?\\\"🚫已屏蔽广告\\\":\\\"\\\"}</div>\\\\n          `)}))}))}n(`${o.name}.preserveEventBanner`,(e=>{document.body.classList.toggle(\\\"preserve-event-banner\\\",e)}),!0),n(`${o.name}.preserveFeedGoods`,(e=>{document.body.classList.toggle(\\\"preserve-feed-goods\\\",e)}),!0),n(`${o.name}.preserveReplyNotice`,(e=>{document.body.classList.toggle(\\\"preserve-reply-notice\\\",e)}),!0)},instantStyles:[{name:\\\"removePromotions\\\",style:()=>Promise.resolve().then(t.t.bind(t,481,23))}],tags:[componentsTags.utils],options:{preserveEventBanner:{displayName:\\\"保留活动横幅\\\",defaultValue:!1},preserveFeedGoods:{displayName:\\\"保留动态商品推荐\\\",defaultValue:!1}},commitHash:\\\"ba8b31253f9bbe44d3210ef04379bed18e0678aa\\\",coreVersion:\\\"2.10.4\\\",description:(()=>{const e=t(289);return{...Object.fromEntries(e.keys().map((i=>[i.match(/index\\\\.(.+)\\\\.md$/)[1],e(i)]))),\\\"zh-CN\\\":()=>Promise.resolve().then(t.t.bind(t,22,17)).then((e=>e.default))}})()})})(),a=a.component})()));\",\"metadata\": {\"name\": \"removePromotions\",\"displayName\": \"删除广告\",\"tags\": [{\"name\": \"utils\",\"displayName\": \"工具\",\"color\": \"#A36FFD\",\"icon\": \"mdi-rocket-launch-outline\",\"order\": 5}],\"options\": {\"preserveEventBanner\": {\"displayName\": \"保留活动横幅\",\"defaultValue\": false},\"preserveFeedGoods\": {\"displayName\": \"保留动态商品推荐\",\"defaultValue\": false},\"switch-showContainer\": {\"defaultValue\": true,\"displayName\": \"卡片占位\",\"hidden\": true},\"switch-showPlaceholder\": {\"defaultValue\": true,\"displayName\": \"占位文本\",\"hidden\": true},\"switch-debug\": {\"defaultValue\": false,\"displayName\": \"调试模式\",\"hidden\": true},\"removePromotionOptions\": {\"defaultValue\": {\"name\": \"removePromotionOptions\",\"switches\": {\"showContainer\": {\"displayName\": \"卡片占位\",\"defaultValue\": true},\"showPlaceholder\": {\"displayName\": \"占位文本\",\"defaultValue\": true},\"debug\": {\"displayName\": \"调试模式\",\"defaultValue\": false}},\"radio\": false,\"componentName\": \"removePromotions\",\"optionDisplayName\": \"删除广告选项\"},\"displayName\": \"删除广告选项\"}},\"commitHash\": \"ba8b31253f9bbe44d3210ef04379bed18e0678aa\",\"coreVersion\": \"2.10.4\",\"description\": {}},\"settings\": {\"enabled\": true,\"options\": {\"preserveEventBanner\": false,\"preserveFeedGoods\": false,\"switch-showContainer\": false,\"switch-showPlaceholder\": false,\"switch-debug\": false,\"removePromotionOptions\": {\"name\": \"removePromotionOptions\",\"switches\": {\"showContainer\": {\"displayName\": \"卡片占位\",\"defaultValue\": true},\"showPlaceholder\": {\"displayName\": \"占位文本\",\"defaultValue\": true},\"debug\": {\"displayName\": \"调试模式\",\"defaultValue\": false}},\"radio\": false,\"componentName\": \"removePromotions\",\"optionDisplayName\": \"删除广告选项\"}}}}}","userPlugins":"o{}","userStyles":"o{}"}}