{"options":{"check_for_updates":true,"comment":null,"compat_foreach":false,"compat_metadata":false,"compat_powerful_this":null,"compat_wrappedjsobject":false,"compatopts_for_requires":true,"noframes":null,"override":{"merge_connects":true,"merge_excludes":true,"merge_includes":true,"merge_matches":true,"orig_connects":["baidu.com","baidupcs.com","aliyundrive.com","aliyundrive.net","alipan.com","alicloudccp.com","aliyundrive.cloud","189.cn","xunlei.com","quark.cn","localhost","*"],"orig_excludes":[],"orig_includes":[],"orig_matches":["*://pan.baidu.com/disk/home*","*://yun.baidu.com/disk/home*","*://pan.baidu.com/disk/timeline*","*://yun.baidu.com/disk/timeline*","*://pan.baidu.com/disk/main*","*://yun.baidu.com/disk/main*","*://pan.baidu.com/youth/pan/main*","*://yun.baidu.com/youth/pan/main*","*://pan.baidu.com/disk/base*","*://yun.baidu.com/disk/base*","*://pan.baidu.com/disk/timeline*","*://yun.baidu.com/disk/timeline*","*://pan.baidu.com/pfile/*","*://yun.baidu.com/pfile/*","*://pan.baidu.com/s/*","*://pan.baidu.com/aipan/*","*://yun.baidu.com/s/*","*://yun.baidu.com/aipan/*","*://pan.baidu.com/share/*","*://yun.baidu.com/share/*","*://openapi.baidu.com/*","*://www.aliyundrive.com/s/*","*://www.aliyundrive.com/drive*","*://www.alipan.com/s/*","*://www.alipan.com/drive*","*://cloud.189.cn/web/*","*://pan.xunlei.com/*","*://pan.quark.cn/*","*://yun.139.com/*","*://caiyun.139.com/*","*://*.youxiaohou.com/*"],"orig_noframes":null,"orig_run_at":"document-body","orig_run_in":[],"orig_tags":[],"use_blockers":[],"use_connects":[],"use_excludes":[],"use_includes":[],"use_matches":[]},"run_at":null,"run_in":null,"sandbox":null,"tags":[],"unwrap":null,"user_modified":null},"settings":{"enabled":true,"position":9},"meta":{"name":"LinkSwift","uuid":"dec53c86-9cd9-4182-b46e-c91abb204ada","modified":1740134021538,"file_url":"https://github.com/hmjz100/LinkSwift/releases/download/v1.0.9.7/v1.0.9.7.user.js"}}