{"ts":1764416928662,"data":{"baidu_access_token":"s123.0f3259f8f98577cdebb895769ec63ecb.Ylh3BWyP2bQarbNFNarvetiDHBclTEaC2cL4s7x.S8fBhA","setting_init_code":"s865746","setting_init_license":"sAGPL3","setting_rpc_dir":"sF:\\Aria2\\JJDown","setting_rpc_domain":"shttp://localhost","setting_rpc_path":"s/jsonrpc","setting_rpc_port":"s6800","setting_rpc_token":"s","setting_terminal_type":"swc","setting_theme_ali":"sno","setting_theme_baidu":"sno","setting_theme_color":"s#3181f9","setting_theme_mcloud":"sno","setting_theme_quark":"sno","setting_theme_tcloud":"sno","setting_theme_xunlei":"syes"}}