{"options":{"check_for_updates":true,"comment":null,"compat_foreach":false,"compat_metadata":false,"compat_powerful_this":null,"compat_wrappedjsobject":false,"compatopts_for_requires":true,"noframes":null,"override":{"merge_connects":true,"merge_excludes":true,"merge_includes":true,"merge_matches":true,"orig_connects":[],"orig_excludes":[],"orig_includes":["/^https://(www|h5).kmkk\\d+\\.com/videoContent/.*?$/","/^https://www.hx\\w+\\.com.+$/","/^http(s)?:\\/\\/(www|h5)\\.fi11\\w+\\.com\\/play\\/video/","/^http(s)?:\\/\\/(www|h5)\\.\\w+\\.(com|cn|xyz)\\/play\\/video/","/^http(s)?:\\/\\/(www|h5)\\.fi11\\w+\\.(com|cn|xyz)\\/smallVideo\\/.*?/","/^http(s)?:\\/\\/(www|h5)\\.\\w+\\.xyz\\/movie\\/play\\/id/","/https:\\/\\/www\\.(\\w+)\\.com\\/page\\/vip/","/^http(s)?:\\/\\/(.*)\\.xyz\\/(pc|h5)\\/index\\.html/","/^https://alltv\\w+\\.com.*$/"],"orig_matches":["https://www.fi11aa81.com/play/video/*","https://*/play/video/*","https://*/smallVideo/*","https://madou.bet/*","https://*/index*","https://*/new*","https://*/channel/videoList*","https://*/tags*","https://*/rankList*","https://madou.tv/*","https://afkv28.com/*","https://afkv29.com/*","https://afkv30.com/*","https://*/videos/*","https://9sex.com/index/movie/play/id/*.html","https://*/index/movie/play/id/*","http://*/index/movie/play/id/*","https://*/vip/index.html","https://*/vip/list-*.html","https://*/index/home.html","https://alltv268.com/*"],"orig_noframes":null,"orig_run_at":"document-body","orig_run_in":[],"orig_tags":[],"use_blockers":[],"use_connects":[],"use_excludes":[],"use_includes":[],"use_matches":[]},"run_at":null,"run_in":null,"sandbox":null,"tags":[],"unwrap":null,"user_modified":null},"settings":{"enabled":true,"position":6},"meta":{"name":"快猫/红杏/含羞草/麻豆TV/AvPron/9sex/91TV/猫咪/小狐狸/橘猫/91pron/91吃鸡破解VIP视频免费看","uuid":"b6c9e2a5-98ae-4b33-ae99-a8aa7e2b5db3","modified":1751603237911,"file_url":"https://update.sleazyfork.org/scripts/456496/%E5%BF%AB%E7%8C%AB%E7%BA%A2%E6%9D%8F%E5%90%AB%E7%BE%9E%E8%8D%89%E9%BA%BB%E8%B1%86TVAvPron9sex91TV%E7%8C%AB%E5%92%AA%E5%B0%8F%E7%8B%90%E7%8B%B8%E6%A9%98%E7%8C%AB91pron91%E5%90%83%E9%B8%A1%E7%A0%B4%E8%A7%A3VIP%E8%A7%86%E9%A2%91%E5%85%8D%E8%B4%B9%E7%9C%8B.user.js"}}