{"options":{"check_for_updates":true,"comment":null,"compat_foreach":false,"compat_metadata":false,"compat_powerful_this":null,"compat_wrappedjsobject":false,"compatopts_for_requires":true,"noframes":null,"override":{"merge_connects":true,"merge_excludes":true,"merge_includes":true,"merge_matches":true,"orig_connects":["localhost","quark.cn","assco.cn"],"orig_excludes":[],"orig_includes":[],"orig_matches":["https://pan.baidu.com/disk/main*","https://pan.baidu.com/s/*","https://pan.quark.cn/list*","https://yun.baidu.com/disk/main*","https://yun.baidu.com/s/*"],"orig_noframes":null,"orig_run_at":"document-end","orig_run_in":[],"orig_tags":[],"use_blockers":[],"use_connects":[],"use_excludes":[],"use_includes":[],"use_matches":[]},"run_at":null,"run_in":null,"sandbox":null,"tags":[],"unwrap":null,"user_modified":null},"settings":{"enabled":true,"position":10},"meta":{"name":"神速Down·百度网盘不限制下载夸克网盘直连-批量启航（支持整个文件夹下载）","uuid":"a565fb82-63d2-4d2b-a6ad-bd6c847866d6","modified":1752324746806,"file_url":"https://oa.assco.cn/ssdown.user.js?t=sdbifbuise"}}