{"options":{"check_for_updates":false,"comment":null,"compat_foreach":false,"compat_metadata":false,"compat_powerful_this":null,"compat_wrappedjsobject":false,"compatopts_for_requires":true,"noframes":null,"override":{"merge_connects":true,"merge_excludes":true,"merge_includes":true,"merge_matches":true,"orig_connects":[],"orig_excludes":[],"orig_includes":["*://www.tsdm*.*/*","*://www.hanbao520*.*/*","*://zxcstxt.*/*","*://zxcsol.*/*","*://live.bilibili.com/*"],"orig_matches":[],"orig_noframes":null,"orig_run_at":"document-end","orig_run_in":[],"use_blockers":[],"use_connects":[],"use_excludes":[],"use_includes":[],"use_matches":[]},"run_at":null,"run_in":null,"sandbox":null,"tags":[],"unwrap":null,"user_modified":1715243827371},"settings":{"enabled":true,"position":2},"meta":{"name":"自用论坛辅助签到","uuid":"ff3cce89-aa93-4b83-820d-7d71c2c3ee57","modified":1715243827370,"file_url":"https://greasyfork.org/scripts/38018-%E8%87%AA%E7%94%A8%E8%AE%BA%E5%9D%9B%E8%BE%85%E5%8A%A9%E7%AD%BE%E5%88%B0/code/%E8%87%AA%E7%94%A8%E8%AE%BA%E5%9D%9B%E8%BE%85%E5%8A%A9%E7%AD%BE%E5%88%B0.user.js"}}