{"options":{"check_for_updates":true,"user_modified":1765247260823,"comment":null,"compatopts_for_requires":true,"compat_wrappedjsobject":false,"compat_metadata":false,"compat_foreach":false,"compat_powerful_this":null,"sandbox":null,"noframes":null,"unwrap":null,"run_at":null,"run_in":null,"tags":[],"override":{"merge_connects":true,"merge_excludes":true,"merge_includes":true,"merge_matches":true,"orig_connects":[],"orig_excludes":[],"orig_includes":["*://*.keke*.app/*","*://*.kkys*.com/*","*://*k*dm.com/*"],"orig_matches":["*://11kt.net/*","*://www.tvyb03.com/*","*://lpl.qq.com/*","*://v.qq.com/*","*://live.qq.com/*","*://*.bilibili.com/*/*","*://*.bilibili.com/*?*","*://tv.cctv.com/*","*://www.mgtv.com/*","*://*.iqiyi.com/*","*://*.youku.com/*","*://*.le.com/*","*://weibo.com/*","*://*.sohu.com/*","*://*.youtube.com/*","*://*.acfun.cn/*","*://*.huya.com/*","*://*.douyu.com/*","*://*.yy.com/*","*://*.douyin.com/*","*://*.kuaishou.com/*","*://*.ixigua.com/*","*://*.gfysys1.com/*","*://*.buyaotou.xyz/*","*://*.bdys03.com/*","*://*.olevod.com/*","*://pan.baidu.com/*","*://baike.baidu.com/video*","*://hxzxer.com/*","*://*/*.mkv*","*://*/*.mp4*","*://*/*.avi*","*://*/*.mov*","*://*/*.rmvb*","*://*/*.webm*","*://*/*.flv*","*://*/*.m3u8*"],"orig_noframes":null,"orig_run_at":"document-end","orig_run_in":[],"orig_tags":[],"use_blockers":[],"use_connects":[],"use_excludes":[],"use_includes":[],"use_matches":[]}},"settings":{"enabled":true,"position":8},"meta":{"name":"视频全屏显示时间","uuid":"1e511742-45d0-4c64-9174-35ea69036646","modified":1765247260823,"file_url":"https://update.greasyfork.org/scripts/452520/%E8%A7%86%E9%A2%91%E5%85%A8%E5%B1%8F%E6%98%BE%E7%A4%BA%E6%97%B6%E9%97%B4.user.js"}}