{"options":{"check_for_updates":true,"comment":null,"compat_foreach":false,"compat_metadata":false,"compat_powerful_this":null,"compat_wrappedjsobject":false,"compatopts_for_requires":true,"noframes":null,"override":{"merge_connects":true,"merge_excludes":true,"merge_includes":true,"merge_matches":true,"orig_connects":["*"],"orig_excludes":[],"orig_includes":["https://movie.douban.com/*","https://music.douban.com/*","https://book.douban.com/*","https://bangumi.moe/search/title*","https://desitorrents.tv/*","https://v.dsb.ink/*","http://www.x5v.net/*"],"orig_matches":[],"orig_noframes":null,"orig_run_at":"document-end","orig_run_in":[],"orig_tags":[],"use_blockers":[],"use_connects":["www.bd-film.cc","www.xl720.com","www.yinfans.me","t-rex.tzfile.com","www.yunpanziyuan.com","www.pan58.com","www.xiaozhaolaila.com","so.iqiyi.com","search.bilibili.com","so.le.com","so.mgtv.com","so.tv.sohu.com","v.qq.com","www.soku.com","instantwatcher.com","flixable.com","www.wjys.cc","www.39kan.com","uniquestream.net","4k-m.com","www.66e.cc","www.6vhao.tv","www.993dy.com","www.domp4.cc","v.dsb.ink","www.btbdys.com","www.dygang.cc","tv.sohu.com","www.dy2018.com","www.gaoqing888.com","gaoqing.fm","www.66s.cc","r3sub.com","www.opensubtitles.org","www.a4k.net","subhd.tv","assrt.net","cn.zimuzimu.net","www.addic7ed.com","isubtitles.info","www.podnapisi.net","subscene.com","www.tvsubtitles.net","www.yifysubtitles.com","www.btbuluo.net","www.btbtt12.com","www.chapianyuan.com","www.1337x.to","www.limetorrents.to","www.google.com","www.torlock2.com","yts.am","kinozal.tv","piratebay.live","www.rottentomatoes.com","www.ainapian.com","pianyuan.org","www.sfysw.com","gaoqing.la","www.yunpanziyuan.xyz","pan666.net","www.5266ys.com","*"],"use_excludes":[],"use_includes":[],"use_matches":[]},"run_at":null,"run_in":null,"sandbox":null,"tags":[],"unwrap":null,"user_modified":null},"settings":{"enabled":true,"position":3},"meta":{"name":"豆瓣资源下载大师：1秒搞定豆瓣电影|音乐|图书下载","uuid":"def1f6e6-41a0-49b0-b4af-34680cd42035","modified":1725421014207,"file_url":"https://update.greasyfork.org/scripts/329484/%E8%B1%86%E7%93%A3%E8%B5%84%E6%BA%90%E4%B8%8B%E8%BD%BD%E5%A4%A7%E5%B8%88%EF%BC%9A1%E7%A7%92%E6%90%9E%E5%AE%9A%E8%B1%86%E7%93%A3%E7%94%B5%E5%BD%B1%7C%E9%9F%B3%E4%B9%90%7C%E5%9B%BE%E4%B9%A6%E4%B8%8B%E8%BD%BD.user.js"}}