{"ts":1765167043533,"data":{"btzi-UserSettings":"s{\"open\":\"click\",\"close\":\"click\",\"closeWindow\":\"btzi_gallery\",\"fanye\":\"1\",\"size\":\"100\",\"wheelKey\":\"type\",\"wheelDirection\":\"1\",\"zoomKey\":\"ctrlKey\",\"zoomDirection\":\"-1\",\"rotateKey\":\"shiftKey\",\"rotateDirection\":\"1\"}","confVer":"s[1]","first":"btrue","lzl_zhankai":"btrue","modules":"s{\"rmBottom\":2,\"ads_hide\":1,\"ads_thread_list\":1,\"rm_user_icon\":2,\"pingbi_loucengqipao\":2,\"qiangdiaoxinxitishi\":2,\"block_post\":2,\"hide_loops\":2,\"icon_hide\":2,\"orange\":2,\"quote\":1,\"quote_lzl\":1,\"real_url\":2,\"save_face\":1,\"rmSaveFace\":1,\"rm_img_view1\":1,\"rm_img_view2\":2,\"lzl_zhankai\":1}","rm_user_icon":"bfalse","select1":"s0","yincangcebianlan":"bfalse"}}