{"options":{"check_for_updates":true,"comment":null,"compat_foreach":false,"compat_metadata":false,"compat_powerful_this":null,"compat_wrappedjsobject":false,"compatopts_for_requires":true,"noframes":null,"override":{"merge_connects":true,"merge_excludes":true,"merge_includes":true,"merge_matches":true,"orig_connects":[],"orig_excludes":["http*://tieba.baidu.com/f/fdir*","http*://tieba.baidu.com/f/center/*"],"orig_includes":["http*://tieba.baidu.com/*","http*://c.tieba.baidu.com/p/*","http*://jump2.bdimg.com/f?kw=*","http*://live.baidu.com/f?kw=*"],"orig_matches":[],"orig_noframes":null,"orig_run_at":"document-body","orig_run_in":[],"orig_tags":[],"use_blockers":[],"use_connects":[],"use_excludes":[],"use_includes":[],"use_matches":[]},"run_at":null,"run_in":null,"sandbox":null,"tags":[],"unwrap":null,"user_modified":null},"settings":{"enabled":true,"position":5},"meta":{"name":"贴吧全能助手(第三方修改)","uuid":"c674aacf-1067-46b8-815f-5d7e6a7d9a3c","modified":1757246296219,"file_url":"https://openuserjs.org/install/shitianshiwa/%E8%B4%B4%E5%90%A7%E5%85%A8%E8%83%BD%E5%8A%A9%E6%89%8B(%E7%AC%AC%E4%B8%89%E6%96%B9%E4%BF%AE%E6%94%B9).user.js"}}